{"cameraMode":{"drawMode":0,"name":"Shaded","section":"Shading Mode"},"sceneLighting":true,"audioPlay":false,"sceneViewState":{"showFog":true,"showMaterialUpdate":false,"showSkybox":true,"showFlares":true,"showImageEffects":true,"showParticleSystems":true},"in2DMode":false,"pivot":{"x":-0.09934233129024506,"y":0.6105879545211792,"z":0.6880497336387634},"rotation":{"x":0.42357194423675539,"y":0.0067929537035524849,"z":-0.0031775739043951036,"w":0.9058314561843872},"size":4.24523401260376,"orthographic":false}