{"cameraMode":{"drawMode":0,"name":"Shaded","section":"Shading Mode"},"sceneLighting":false,"audioPlay":false,"sceneViewState":{"showFog":true,"showMaterialUpdate":false,"showSkybox":true,"showFlares":true,"showImageEffects":true,"showParticleSystems":true},"in2DMode":false,"pivot":{"x":-0.050000011920928958,"y":0.004049509763717651,"z":7.976291656494141},"rotation":{"x":-0.10565567761659622,"y":0.028925219550728799,"z":-0.0030754541512578727,"w":-0.9939772486686707},"size":3.163628339767456,"orthographic":false}